{"cameraMode":{"drawMode":0,"name":"Shaded","section":"Shading Mode"},"sceneLighting":false,"audioPlay":false,"sceneViewState":{"showFog":true,"showMaterialUpdate":true,"showSkybox":true,"showFlares":true,"showImageEffects":true,"showParticleSystems":true},"in2DMode":false,"pivot":{"x":42.645164489746097,"y":17.60418701171875,"z":42.22144317626953},"rotation":{"x":0.09837578237056732,"y":-0.9000778794288635,"z":0.31349116563796999,"w":0.28683650493621828},"size":35.23435974121094,"orthographic":false}