{"cameraMode":{"drawMode":0,"name":"Shaded","section":"Shading Mode"},"sceneLighting":false,"audioPlay":false,"sceneViewState":{"showFog":true,"showMaterialUpdate":true,"showSkybox":true,"showFlares":true,"showImageEffects":true,"showParticleSystems":true},"in2DMode":false,"pivot":{"x":-1.2998570203781129,"y":35.94340515136719,"z":48.333709716796878},"rotation":{"x":0.15364757180213929,"y":-0.24488401412963868,"z":0.041222408413887027,"w":0.9566378593444824},"size":22.0,"orthographic":false}