{"cameraMode":{"drawMode":0,"name":"Shaded","section":"Shading Mode"},"sceneLighting":false,"audioPlay":false,"sceneViewState":{"showFog":true,"showMaterialUpdate":true,"showSkybox":false,"showFlares":true,"showImageEffects":true,"showParticleSystems":true},"in2DMode":false,"pivot":{"x":5.414597988128662,"y":33.02686309814453,"z":54.19178771972656},"rotation":{"x":0.19921255111694337,"y":0.042890939861536029,"z":-0.008527528494596482,"w":0.979098379611969},"size":2.8578836917877199,"orthographic":false}