{"cameraMode":{"drawMode":0,"name":"Shaded","section":"Shading Mode"},"sceneLighting":false,"audioPlay":false,"sceneViewState":{"showFog":true,"showMaterialUpdate":true,"showSkybox":false,"showFlares":true,"showImageEffects":true,"showParticleSystems":true},"in2DMode":false,"pivot":{"x":12.018256187438965,"y":10.012572288513184,"z":-15.149947166442871},"rotation":{"x":0.14056219160556794,"y":-0.20760616660118104,"z":0.030017413198947908,"w":0.9676963090896606},"size":2.8578836917877199,"orthographic":false}