{"cameraMode":{"drawMode":0,"name":"Shaded","section":"Shading Mode"},"sceneLighting":false,"audioPlay":false,"sceneViewState":{"showFog":true,"showMaterialUpdate":true,"showSkybox":false,"showFlares":true,"showImageEffects":true,"showParticleSystems":true},"in2DMode":false,"pivot":{"x":11.746420860290528,"y":7.338494300842285,"z":-7.227736473083496},"rotation":{"x":0.05927738919854164,"y":0.9368258714675903,"z":-0.1955774873495102,"w":0.28395554423332217},"size":7.711869716644287,"orthographic":false}