{"cameraMode":{"drawMode":0,"name":"Shaded","section":"Shading Mode"},"sceneLighting":false,"audioPlay":false,"sceneViewState":{"showFog":true,"showMaterialUpdate":true,"showSkybox":true,"showFlares":true,"showImageEffects":true,"showParticleSystems":true},"in2DMode":false,"pivot":{"x":1.1743474006652833,"y":27.081966400146486,"z":-8.418603897094727},"rotation":{"x":-0.14050526916980744,"y":-0.5225979089736939,"z":0.08648980408906937,"w":-0.8366733193397522},"size":35.23435974121094,"orthographic":false}