{"cameraMode":{"drawMode":0,"name":"Shaded","section":"Shading Mode"},"sceneLighting":false,"audioPlay":false,"sceneViewState":{"showFog":true,"showMaterialUpdate":true,"showSkybox":true,"showFlares":true,"showImageEffects":true,"showParticleSystems":true},"in2DMode":false,"pivot":{"x":-20.744264602661134,"y":20.424976348876954,"z":35.34503936767578},"rotation":{"x":0.12412668019533158,"y":0.7786818146705627,"z":-0.161042258143425,"w":0.5938519239425659},"size":35.23435974121094,"orthographic":false}