{"cameraMode":{"drawMode":0,"name":"Shaded","section":"Shading Mode"},"sceneLighting":false,"audioPlay":false,"sceneViewState":{"showFog":true,"showMaterialUpdate":true,"showSkybox":true,"showFlares":true,"showImageEffects":true,"showParticleSystems":true},"in2DMode":false,"pivot":{"x":-0.8891682028770447,"y":13.776859283447266,"z":13.887029647827149},"rotation":{"x":-0.08401044458150864,"y":-0.9145377278327942,"z":0.2528858780860901,"w":-0.3045182526111603},"size":18.930004119873048,"orthographic":false}