{"cameraMode":{"drawMode":0,"name":"Shaded","section":"Shading Mode"},"sceneLighting":true,"audioPlay":false,"sceneViewState":{"showFog":true,"showMaterialUpdate":true,"showSkybox":true,"showFlares":true,"showImageEffects":true,"showParticleSystems":true},"in2DMode":false,"pivot":{"x":93.75470733642578,"y":11.244775772094727,"z":70.74627685546875},"rotation":{"x":-0.10911481082439423,"y":0.8724966049194336,"z":-0.22712962329387666,"w":-0.4187159538269043},"size":44.49215316772461,"orthographic":false}